0;1;23;$0003;ADD_BLOOD1;$0001;ADD_FLAME6;$0006;ADD_LIGHT_BLINK5;$0005;ADD_LIGHT_FLAT8;$0008;ADD_LIGHT_GLOVE7;$0007;ADD_LIGHT_SPOT4;$0004;ADD_MIST2;$0002;ADD_SMOKE16;$0010;AMMO_ADD_GUN_SHELL32;$0020;AMMO_ADD_SHOTGUN_SHELL4;$0004;AMMO_PUSH_LARA2;$0002;AMMO_PUSH_TARGET64;$0040;AMMO_REMOVE_SHOTGUN_SHELL8;$0008;AMMO_SET_GRENADE_TIMER2;$0002;BAR_AIR9;$0009;BAR_COLD4;$0004;BAR_CUSTOM15;$0005;BAR_CUSTOM26;$0006;BAR_CUSTOM37;$0007;BAR_CUSTOM48;$0008;BAR_DAMAGE1;$0001;BAR_DASH0;$0000;BAR_HEALTH3;$0003;BAR_LOAD_LEVEL1;$0001;BINF_COMPASS128;$0080;BINF_LIGHT_SWITCH4;$0004;BINF_LIGHTNESS512;$0200;BINF_NOTATION_EXTENDED8192;$2000;BINF_PROGRESSIVE_ZOOM2;$0002;BINF_SEXTANT256;$0100;BINF_SOUND_ON_LIGHT
16384;$4000;BINF_SOUND_ON_ZOOM4096;$1000;BINF_SUPER_ZOOM1024;$0400;BINF_SWING_COMPASS2048;$0800;BINF_SWING_SEXTANT8;$0008;BINF_ZOOM
16384;$4000;BINT_BAR8192;$2000;BINT_NUMERIC4096;$1000;BINT_PATTERN_BAR2048;$0800;BINT_ROUND
32768;$8000;BINT_STRIP64;$0040;BKGDF_ADD_COLOR_AND32;$0020;BKGDF_ADD_COLOR_OR128;$0080;BKGDF_ADD_COLOR_XOR512;$0200;BKGDF_ADD_DARKNESS256;$0100;BKGDF_ADD_NEGATIVE_EFFECT8;$0008;BKGDF_COLORIZE1;$0001;BKGDF_HIDE_LOADING_BAR4;$0004;BKGDF_HIDE_SPRITE_LASER_SIGHT16;$0010;BKGDF_KEEP_GAME_SCREEN2;$0002;BKGDF_MINIMAL_LOADING_TIME1024;$0400;BKGDF_SEMI_TRANSPARENT2048;$0800;BKGDF_SKIP_LOADING_TIME4;$0004;BKGDT_BINOCULAR1;$0001;BKGDT_INVENTORY5;$0005;BKGDT_LASER_SIGHT2;$0002;BKGDT_LOADING_LEVEL3;$0003;BKGDT_TITLE2;$0002;BUGF_DART_NO_POISON_LARA4;$0004;BUGF_LAND_WATER_SFX_ENEMIES1;$0001;BUGF_TRANSPARENT_WHITE_ON_FOG1;$0001;CDM_NO_SAVE3;$0003;CDM_RESTORE_FROM_BEGIN2;$0002;CDM_RESTORE_FROM_MIDDLE1;$0001;CL_BLINKING_WHITE4;$0004;CL_BLUE7;$0007;CL_DARKMETAL6;$0006;CL_GOLD5;$0005;CL_METAL3;$0003;CL_RED2;$0002;CL_WHITE8;$0008;CL_YELLOW2048;$0800;CODE_ACTION4096;$1000;CODE_CONDITION1024;$0400;CODE_FLIPEFFECT4;$0004;COLL_ANIMATINGS2;$0002;COLL_DOORS32;$0020;COLL_FAKE_WALLS128;$0080;COLL_FAST_TURNING1024;$0400;COLL_NO_SLIDING512;$0200;COLL_NO_SPLAT8;$0008;COLL_PANELS1;$0001;COLL_STATICS64;$0040;COLL_STOP_ON_45_DEGREES16;$0010;COLL_VEHICLES1;$0001;COLTYPE_SET_COLOR2;$0002;COLTYPE_SET_PULSE3;$0003;COLTYPE_SHADE_COLORS24;$0018;CUST_ADD_DEATH_ANIMATION10;$000A;CUST_AMMO49;$0031;CUST_BACKGROUND25;$0019;CUST_BAR48;$0030;CUST_BIKE_VS_ENEMIES51;$0033;CUST_BINOCULARS28;$001C;CUST_CAMERA23;$0017;CUST_CD_SINGLE_PLAYBACK39;$0027;CUST_DARTS4;$0004;CUST_DISABLE_FORCING_ANIM_9629;$001D;CUST_DISABLE_MISSING_SOUNDS50;$0032;CUST_DISABLE_PUSH_AWAY_ANIMATION1;$0001;CUST_DISABLE_SCREAMING_HEAD20;$0014;CUST_ESCAPE_FLY_CAMERA53;$0035;CUST_FIX_BUGS32;$0020;CUST_FIX_WATER_FOG_BUG40;$0028;CUST_FLARE31;$001F;CUST_FMV_CUTSCENE17;$0011;CUST_HAIR_TYPE35;$0023;CUST_HARPOON30;$001E;CUST_INNER_SCREENSHOT18;$0012;CUST_KEEP_DEAD_ENEMIES47;$002F;CUST_KEEP_LARA_HP34;$0022;CUST_LIGHT_OBJECT16;$0010;CUST_LOOK_TRASPARENT6;$0006;CUST_NEW_SOUND_ENGINE26;$001A;CUST_NO_TIME_IN_SAVELIST27;$001B;CUST_PARALLEL_BARS21;$0015;CUST_PAUSE_FLY_CAMERA37;$0025;CUST_RAIN44;$002C;CUST_ROLLING_BOAT5;$0005;CUST_ROLLINGBALL_PUSHING33;$0021;CUST_SAVE_LOCUST36;$0024;CUST_SCREENSHOT_CAPTURE3;$0003;CUST_SET_CREDITS_LEVEL12;$000C;CUST_SET_INV_ITEM13;$000D;CUST_SET_JEEP_KEY_SLOT19;$0013;CUST_SET_OLD_CD_TRIGGER2;$0002;CUST_SET_SECRET_NUMBER15;$000F;CUST_SET_STATIC_DAMAGE42;$002A;CUST_SET_STILL_COLLISION41;$0029;CUST_SET_TEXT_COLOR45;$002D;CUST_SFX8;$0008;CUST_SHATTER_RANGE54;$0036;CUST_SHATTER_SPECIFIC11;$000B;CUST_SHOW_AMMO_COUNTER52;$0034;CUST_SLOT_FLAGS7;$0007;CUST_SPEED_MOVING14;$000E;CUST_STATIC_TRANSPARENCY22;$0016;CUST_TEXT_ON_FLY_SCREEN46;$002E;CUST_TITLE_FMV38;$0026;CUST_TR5_UNDERWATER_COLLISIONS43;$002B;CUST_WATERFALL_SPEED9;$0009;CUST_WEAPON256;$0100;DEMF_CINEMA_SCREEN8;$0008;DEMF_CROSS_FADE1024;$0400;DEMF_MUTE_SFX512;$0200;DEMF_MUTE_TRACK64;$0040;DEMF_PERFORM_AT_START2;$0002;DEMF_PLAY_ALL_SEQUENCE1;$0001;DEMF_PLAY_LEVEL_SEQUENCE32;$0020;DEMF_PLAY_ON_KEY4;$0004;DEMF_QUIT_WITH_ESCAPE16;$0010;DEMF_RANDOM2048;$0800;DEMO_FRAME
16384;$4000;DENV_FLAG_FACE2BACK
32768;$8000;DENV_FLAG_FACE2FACE8192;$2000;DGX_ADJUSTMENT_MODE2;$0002;DGX_ANIMATION16;$0010;DGX_AUDIO_TRACKS32;$0020;DGX_CHEATS128;$0080;DGX_COMMON_VARIABLES
32768;$8000;DGX_ERRORS8;$0008;DGX_FAR_VIEW512;$0200;DGX_FLYBY64;$0040;DGX_FOG
16384;$4000;DGX_FPS1;$0001;DGX_LARA2048;$0800;DGX_LOG_SCRIPT_COMMANDS4;$0004;DGX_SFX_SOUNDS256;$0100;DGX_STORE_VARIABLES1024;$0400;DGX_TEXT_VARIABLES4096;$1000;DGX_WEAPON_ANIMATION27;$001B;DIR_DIRECTION_LARA_LEADING_ACTOR17;$0011;DIR_DOWN1;$0001;DIR_EAST18;$0012;DIR_FORWARD30;$001E;DIR_HEAD_FOR_EXTRA_ACTOR28;$001C;DIR_HEAD_FOR_LARA29;$001D;DIR_HEAD_FOR_LEADING_ACTOR256;$0100;DIR_INVERT_DIRECTION25;$0019;DIR_LARA_FACING26;$001A;DIR_LEADING_ACTOR_FACING21;$0015;DIR_LU_TURNING_1800;$0000;DIR_NORTH24;$0018;DIR_RU_TURNING_1802;$0002;DIR_SOUTH20;$0014;DIR_TURNING_LEFT_4519;$0013;DIR_TURNING_LEFT_9022;$0016;DIR_TURNING_RIGHT_4523;$0017;DIR_TURNING_RIGHT_9016;$0010;DIR_UP3;$0003;DIR_WEST0;$0000;DISABLED256;$0100;DMG_ALERT_BEEP32;$0020;DMG_BURNING_DEATH128;$0080;DMG_BURNING_SCREAM8;$0008;DMG_COLD_WATER4;$0004;DMG_INCREASE_BAR1;$0001;DMG_INDIRECT_BAR512;$0200;DMG_LITTLE_TEXT2;$0002;DMG_ONLY_PAD16;$0010;DMG_POISON_LARA64;$0040;DMG_SLOW_DISAPPEARING2;$0002;DRT_ADD_EFFECT32;$0020;DRT_FIX_POISON_BUG16;$0010;DRT_HIDE_DART1;$0001;DRT_NO_POISON8;$0008;DRT_NO_SMOKE4;$0004;DRT_PERFOM_TRIGGERGROUP32;$0020;DTF_ENGAGE_ALWAYS8;$0008;DTF_ENGAGE_IN_RANGE4;$0004;DTF_ENGAGE_INVENTORY64;$0040;DTF_FAST_RADAR_SCAN128;$0080;DTF_INVERSE_VPOINTER0;$0000;DTF_NONE2;$0002;DTF_RADAR_MODE16;$0010;DTF_REQUIRED_ITEM1;$0001;DTF_SWINGING_POINTER128;$0080;EDGX_ANIMATION_SLOT1;$0001;EDGX_CONCISE_SCRIPT_LOG64;$0040;EDGX_CUTSCENE_LOG8;$0008;EDGX_LARA_CORD_IN_LOG32;$0020;EDGX_RECORDING_DEMO2;$0002;EDGX_SLOW_MOTION4;$0004;EDGX_SWAP_VIEW16;$0010;EDGX_TRIGGER_TIMING32;$0020;EF_DOUBLE_DOOR4;$0004;EF_INNER_KEYPAD16;$0010;EF_MODE_STOP_AND_GO8;$0008;EF_MODE_YO_YO1;$0001;EF_MULTI_DOORS0;$0000;EF_NONE2;$0002;EF_SINGLE_DOOR1;$0001;ENABLED48;$0030;ENV_ANIM_COMPLETE32;$0020;ENV_CLIMB_LEFT_IN_CORNER33;$0021;ENV_CLIMB_LEFT_OUT_CORNER36;$0024;ENV_CLIMB_LEFT_SPACE34;$0022;ENV_CLIMB_RIGHT_IN_CORNER35;$0023;ENV_CLIMB_RIGHT_OUT_CORNER37;$0025;ENV_CLIMB_RIGHT_SPACE7;$0007;ENV_CLIMB_WALL_AT_LEFT6;$0006;ENV_CLIMB_WALL_AT_RIGHT16;$0010;ENV_CLIMB_WALL_BACK5;$0005;ENV_CLIMB_WALL_IN_FRONT58;$003A;ENV_CONDITION_TRIGGER_GROUP31;$001F;ENV_DISTANCE_CEILING64;$0040;ENV_DISTANCE_EAST_WALL39;$0027;ENV_DISTANCE_FLOOR62;$003E;ENV_DISTANCE_NORTH_WALL63;$003F;ENV_DISTANCE_SOUTH_WALL65;$0041;ENV_DISTANCE_WEST_WALL71;$0047;ENV_ENEMY_SEE_LARA45;$002D;ENV_FLOATING50;$0032;ENV_FLYING_DOWN49;$0031;ENV_FLYING_UP40;$0028;ENV_FRAME_NUMBER72;$0048;ENV_FRAME_RANGE43;$002B;ENV_FREE_HANDS25;$0019;ENV_HANG_LEFT_IN_CORNER26;$001A;ENV_HANG_LEFT_OUT_CORNER29;$001D;ENV_HANG_LEFT_SPACE27;$001B;ENV_HANG_RIGHT_IN_CORNER28;$001C;ENV_HANG_RIGHT_OUT_CORNER30;$001E;ENV_HANG_RIGHT_SPACE2;$0002;ENV_HANG_WITH_FEET57;$0039;ENV_HOLD_EXTRA_ITEM_IN_HANDS9;$0009;ENV_HOLE_BACK_CEILING_CLIMB13;$000D;ENV_HOLE_FLOOR_AT_LEFT12;$000C;ENV_HOLE_FLOOR_AT_RIGHT14;$000E;ENV_HOLE_FLOOR_BACK3;$0003;ENV_HOLE_FLOOR_IN_FRONT8;$0008;ENV_HOLE_IN_FRONT_CEILING_CLIMB52;$0034;ENV_IN_LEFT_SIDE_SECTOR53;$0035;ENV_IN_RIGHT_SIDE_SECTOR47;$002F;ENV_IS_STILL54;$0036;ENV_ITEM_EXTRA_AT_LEFT55;$0037;ENV_ITEM_EXTRA_AT_RIGHT21;$0015;ENV_ITEM_EXTRA_IN_FRONT22;$0016;ENV_ITEM_EXTRA_OVER23;$0017;ENV_ITEM_EXTRA_UNDER56;$0038;ENV_ITEM_TEST_POSITION66;$0042;ENV_LARA_IN_MICRO_STRIP4;$0004;ENV_MONKEY_CEILING24;$0018;ENV_MULT_CONDITION38;$0026;ENV_MULT_OR_CONDITION11;$000B;ENV_NO_BLOCK_AT_LEFT10;$000A;ENV_NO_BLOCK_AT_RIGHT15;$000F;ENV_NO_BLOCK_BACK1;$0001;ENV_NO_BLOCK_IN_FRONT68;$0044;ENV_NO_BOX_AT_LEFT69;$0045;ENV_NO_BOX_AT_RIGHT70;$0046;ENV_NO_BOX_BACK67;$0043;ENV_NO_BOX_IN_FRONT128;$0080;ENV_NON_TRUE42;$002A;ENV_ON_VEHICLE46;$002E;ENV_ONLAND60;$003C;ENV_PLAYER_IS_SLEEPING61;$003D;ENV_PLAYER_WOKE_UP1024;$0400;ENV_POS_CENTRAL2048;$0800;ENV_POS_HORTOGONAL4096;$1000;ENV_POS_IN_THE_MIDDLE256;$0100;ENV_POS_LEFT_CORNER512;$0200;ENV_POS_RIGHT_CORNER
32768;$8000;ENV_POS_STRIP_1
16384;$4000;ENV_POS_STRIP_28192;$2000;ENV_POS_STRIP_359;$003B;ENV_ROOM_IS20;$0014;ENV_SUPPORT_IN_BACK_WALL17;$0011;ENV_SUPPORT_IN_FRONT_WALL19;$0013;ENV_SUPPORT_IN_LEFT_WALL18;$0012;ENV_SUPPORT_IN_RIGHT_WALL44;$002C;ENV_UNDERWATER41;$0029;ENV_VERTICAL_ORIENT51;$0033;ENV_WALL_HOLE_IN_FRONT1;$0001;EXTRA_MUTANT_NO_LOCUSTS1;$0001;EXTRA_TEETH_NO_DAMAGE_ON_WALKING1;$0001;EXTRA_WRAITH_BURN_LARA256;$0100;FADD_CONTINUE_EMIT
32768;$8000;FADD_DURATE_ANIMATION4096;$1000;FADD_DURATE_SINGLE_FRAME512;$0200;FADD_DURATE_STATEID4;$0004;FADD_FIRE_STRIP2;$0002;FADD_IGNORE_STATUS1;$0001;FADD_NO_SOUND0;$0000;FADD_NONE
16384;$4000;FADD_ROTATE_1802048;$0800;FADD_ROTATE_2708192;$2000;FADD_ROTATE_901024;$0400;FADD_SMOKE_EXHAUST16;$0010;FADD_VORIENT_18032;$0020;FADD_VORIENT_2708;$0008;FADD_VORIENT_902048;$0800;FAN_ALIGN_TO_ENV_POS128;$0080;FAN_DISABLE_GRAVITY16;$0010;FAN_DISABLE_PUSH_AWAY64;$0040;FAN_ENABLE_GRAVITY32;$0020;FAN_KEEP_NEXT_STATEID8;$0008;FAN_KEYS_AS_SCANCODE256;$0100;FAN_PERFORM_TRIGGER_GROUP8192;$2000;FAN_RANDOM4096;$1000;FAN_SET_ADDEFFECT1024;$0400;FAN_SET_BUSY_HANDS1;$0001;FAN_SET_FREE_HANDS512;$0200;FAN_SET_FREE_HANDS_TEMP
16384;$4000;FAN_SET_LARA_PLACE4;$0004;FAN_SET_NEUTRAL_STATE_ID2;$0002;FAN_START_FROM_EXTRA_FRAME8;$0008;FBAR_DRAW_ALWAYS2;$0002;FBAR_SHOW_BAR_NAME1;$0001;FBAR_SOUND_BAR_ANIM4;$0004;FBAR_USED_FOR_BOAT_FUEL1;$0001;FCAM_DISABLE_COMBAT_CAM2;$0002;FCAM_INVISIBLE_LARA_ON_LOOK_CAM2;$0002;FFL_ADD_FIRE8;$0008;FFL_ADD_GLOW_LIGHT4;$0004;FFL_ADD_SMOKE_TO_SPARKS1;$0001;FFL_ADD_SPARKS16;$0010;FFL_FLAT_LIGHT1;$0001;FFS_PUSHABLE_CAN_OVERSTEP_IT8;$0008;FGT_DISABLED8192;$2000;FGT_HIDE_IN_DEBUG2;$0002;FGT_NOT_TRUE4;$0004;FGT_PUSHING_COLLISION16;$0010;FGT_REMOVE_INPUT64;$0040;FGT_REPLACE_MANAGEMENT1;$0001;FGT_SINGLE_SHOT32;$0020;FGT_SINGLE_SHOT_RESUMED8;$0008;FLI_DISTANCE_IN_SECTORS2;$0002;FLI_SHOW_BOUND1;$0001;FLI_SHOW_DIFFERENCES4;$0004;FLI_STATIC_ITEM8192;$2000;FMIR_ADJUST_X
16384;$4000;FMIR_ADJUST_Z4096;$1000;FMIR_ALTERNATE_REFLEX1792;$0700;FMOV_ANVIL_GRAVITY1280;$0500;FMOV_APOLLO_GRAVITY1024;$0400;FMOV_APPLE_GRAVITY
12288;$3000;FMOV_CAR_SPEED768;$0300;FMOV_EXPLOSION_GRAVITY4096;$1000;FMOV_EXPLOSION_SPEED256;$0100;FMOV_FROG_JUMP_GRAVITY8;$0008;FMOV_HEAVY_ALL2;$0002;FMOV_HEAVY_AT_END64;$0040;FMOV_IGNORE_FLOOR_COLLISION1;$0001;FMOV_INFINITE_LOOP512;$0200;FMOV_LEAF_GRAVITY8192;$2000;FMOV_MAGNET_SPEED1536;$0600;FMOV_MAN_GRAVITY4;$0004;FMOV_TRIGGERS_ALL32;$0020;FMOV_USE_EXTRA_ACTOR_INDEX16;$0010;FMOV_USE_LEADING_ACTOR_INDEX128;$0080;FMOV_WAIT_STAND_ON_FLOOR1;$0001;FMV_FADE_OUT4;$0004;FMV_LONG_BLACK_RESTART8;$0008;FMV_NO_AUDIO_RESTART16;$0010;FMV_PRE_CACHE2;$0002;FMV_SHORT_BLACK_RESTART8;$0008;FO_DEMO_ORGANIZER1;$0001;FO_ENABLED2;$0002;FO_LOOP4;$0004;FO_TICK_TIME2;$0002;FR_ADD_DRIPS_TO_LARA4;$0004;FR_CORRECT_SPRINKLERS1;$0001;FR_PLAY_SFX16;$0010;FRB_ALLOW_DRIFT8;$0008;FRB_PITCHING_HIGH4;$0004;FRB_PITCHING_LOW0;$0000;FRB_PITCHING_NORMAL2;$0002;FRB_SWINGING_HIGH1;$0001;FRB_SWINGING_LOW0;$0000;FRB_SWINGING_NORMAL1;$0001;FROT_LOOP2;$0002;FSB_DISABLE_ON_COMBAT1;$0001;FSB_DISABLE_ON_CRAMPED_SPACE4;$0004;FSB_EXIT_ON_ATTACK8;$0008;FSB_FLIP_DISTANCE32;$0020;FSB_FLIP_H_ORIENT64;$0040;FSB_FLIP_SPEED16;$0010;FSB_FLIP_V_ANGLE128;$0080;FSB_FREEZE_ENEMIES256;$0100;FSB_FREEZE_LARA1024;$0400;FSB_IMMEDIATE512;$0200;FSB_OVERLAP_AUDIO2;$0002;FSCA_ENDLESS1;$0001;FSCA_IMMEDIATE4;$0004;FSCA_ITEMGROUP_INDEX1;$0001;FSCAM_DISABLE_COMBAT_CAM2;$0002;FSCAM_DISABLE_LOOK_CAM16;$0010;FSS_ANIMATE32;$0020;FSS_ANIMATE_FOR_BACK4;$0004;FSS_CLONE_SPRITE64;$0040;FSS_EFFECT_FROM_BOTTOM256;$0100;FSS_EFFECT_FROM_LEFT512;$0200;FSS_EFFECT_FROM_RIGHT128;$0080;FSS_EFFECT_FROM_TOP8;$0008;FSS_EFFECT_ZOOM1;$0001;FSS_SHOW_SPRITE_GRID2;$0002;FSS_TRANSPARENT8192;$2000;FT_BLINK_CHARS1;$0001;FT_BOTTOM_CENTER6;$0006;FT_BOTTOM_LEFT7;$0007;FT_BOTTOM_RIGHT3;$0003;FT_CENTER_CENTER4096;$1000;FT_NARROW_CHARS2048;$0800;FT_SIZE_ATOMIC_CHAR192;$00C0;FT_SIZE_DOUBLE_CHAR128;$0080;FT_SIZE_DOUBLE_HEIGHT64;$0040;FT_SIZE_DOUBLE_WIDTH48;$0030;FT_SIZE_HALF_CHAR32;$0020;FT_SIZE_HALF_HEIGHT16;$0010;FT_SIZE_HALF_WIDTH256;$0100;FT_SIZE_MICRO_CHAR0;$0000;FT_SIZE_NO_BORDER2;$0002;FT_TOP_CENTER4;$0004;FT_TOP_LEFT5;$0005;FT_TOP_RIGHT10;$000A;FT_UNDER_LEFT_BARS11;$000B;FT_UNDER_RIGHT_BARS3;$0003;FTYPE_SETTINGS2;$0002;FTYPE_SOUND1;$0001;FTYPE_USERFILE31;$001F;GT_AFTER_RELOADING_VARIABLES32;$0020;GT_ALWAYS30;$001E;GT_BEFORE_SAVING_VARIABLES15;$000F;GT_COLLIDE_CREATURE13;$000D;GT_COLLIDE_ITEM14;$000E;GT_COLLIDE_SLOT18;$0012;GT_COLLIDE_STATIC_SLOT38;$0026;GT_COMPLETED_SCALING_ON_ITEM11;$000B;GT_CONDITION_GROUP40;$0028;GT_CREATED_NEW_ITEM9;$0009;GT_DAMAGE_BAR_LESS_THAN12;$000C;GT_DISTANCE_FROM_ITEM19;$0013;GT_DISTANCE_FROM_STATIC29;$001D;GT_ELEVATOR_STARTS_FROM_FLOOR28;$001C;GT_ELEVATOR_STOPS_AT_FLOOR3;$0003;GT_ENEMY_KILLED26;$001A;GT_FMV_COMPLETED23;$0017;GT_GAME_KEY1_COMMAND24;$0018;GT_GAME_KEY2_COMMAND25;$0019;GT_KEYBOARD_CODE36;$0024;GT_KEYPAD_REMOVED35;$0023;GT_KEYPAD_SHOWED20;$0014;GT_LARA_HOLDS_ITEM5;$0005;GT_LARA_HP_HIGHER_THAN4;$0004;GT_LARA_HP_LESS_THAN10;$000A;GT_LARA_POISONED16;$0010;GT_LOADED_SAVEGAME37;$0025;GT_NO_ACTION_ON_ITEM17;$0011;GT_SAVED_SAVEGAME2;$0002;GT_SCREEN_TIMER_REACHED39;$0027;GT_SELECTED_INVENTORY_ITEM27;$001B;GT_TITLE_SCREEN33;$0021;GT_TRNG_G_TIMER_EQUALS34;$0022;GT_TRNG_L_TIMER_EQUALS6;$0006;GT_USED_BIG_MEDIPACK1;$0001;GT_USED_INVENTORY_ITEM7;$0007;GT_USED_LITTLE_MEDIPACK8;$0008;GT_USING_BINOCULAR21;$0015;GT_VSCROLL_COMPLETE22;$0016;GT_VSCROLL_LAST_VISIBLE
.;$40000000;GTD_IGNORE_HEIGHT3;$0003;HAIR_ONE_PONYTAIL4;$0004;HAIR_ONE_TR5_PONYTAIL1;$0001;HAIR_PAGE_BOY2;$0002;HAIR_TWO_PLAITS
32768;$8000;HIT_BIKE_EXPLODE
16384;$4000;HIT_EXPLODE4096;$1000;HIT_HURT1024;$0400;HIT_KILL2048;$0800;HIT_PUSH_AWAY8192;$2000;HIT_WALL16;$0010;HOLD_ANY_TORCH6;$0006;HOLD_CROSSBOW9;$0009;HOLD_FIRED_TORCH7;$0007;HOLD_FLARE5;$0005;HOLD_GRENADEGUN10;$000A;HOLD_JEEP17;$0011;HOLD_KAYAK13;$000D;HOLD_MOTOR_BOAT8;$0008;HOLD_OUT_TORCH1;$0001;HOLD_PISTOLS15;$000F;HOLD_POLE2;$0002;HOLD_REVOLVER14;$000E;HOLD_ROPE12;$000C;HOLD_RUBBER_BOAT4;$0004;HOLD_SHOTGUN11;$000B;HOLD_SIDECAR3;$0003;HOLD_UZI8;$0008;HRP_DISABLE_LASER_SIGHT4;$0004;HRP_DOUBLE_AMMO1;$0001;HRP_NO_SWIM_UNDERWATER2;$0002;HRP_SINGLE_AMMO
16384;$4000;IF_CRYPTIC
32768;$8000;IF_EFFECT_CROSS_FADE128;$0080;IF_EFFECT_FROM_BOTTOM256;$0100;IF_EFFECT_FROM_LEFT512;$0200;IF_EFFECT_FROM_RIGHT64;$0040;IF_EFFECT_FROM_TOP32;$0020;IF_EFFECT_ZOOM4;$0004;IF_FULL_SCREEN8192;$2000;IF_LOOP_AUDIO_TRACK4096;$1000;IF_OVER_FIXED_CAMERA8;$0008;IF_OVER_FLYBY1024;$0400;IF_PLAY_AUDIO_TRACK2;$0002;IF_POP_IMAGE2048;$0800;IF_PRELOAD16;$0010;IF_QUIT_ESCAPE1;$0001;IF_TRANSPARENCE-1;$FFFF;IGNORE1;$0001;IMPORT_MEMORY2;$0002;IMPORT_TEMPORARY7;$0007;JOINT_ABDOMEN3;$0003;JOINT_LEFT_ANCKLE10;$000A;JOINT_LEFT_ELBOW2;$0002;JOINT_LEFT_KNEE9;$0009;JOINT_LEFT_SHOULDER1;$0001;JOINT_LEFT_THIGH11;$000B;JOINT_LEFT_WRIST8;$0008;JOINT_NECK0;$0000;JOINT_PUBIS6;$0006;JOINT_RIGHT_ANCKLE13;$000D;JOINT_RIGHT_ELBOW5;$0005;JOINT_RIGHT_KNEE12;$000C;JOINT_RIGHT_SHOULDER4;$0004;JOINT_RIGHT_THIGH14;$000E;JOINT_RIGHT_WRIST0;$0000;JOINT_SINGLE_MESH64;$0040;KEY1_ACTION2;$0002;KEY1_DOWN32;$0020;KEY1_DRAW_WEAPON16;$0010;KEY1_JUMP4;$0004;KEY1_LEFT512;$0200;KEY1_LOOK
32768;$8000;KEY1_RELEASED8;$0008;KEY1_RIGHT4096;$1000;KEY1_ROLL1;$0001;KEY1_UP128;$0080;KEY1_WALK
16384;$4000;KEY2_DASH8192;$2000;KEY2_DUCK8;$0008;KEY2_USE_FLARE-2;$FFFE;KLH_ALL_LEVELS512;$0200;LDF_PLAY_TRACK256;$0100;LDF_SILENT1024;$0400;LDF_SOUND_EFFECTS8192;$2000;LDF_TRANSPARENT_BKG2048;$0800;LDF_ZOOM_START4;$0004;LGTN_ADD_GLOVE_LIGHT8;$0008;LGTN_EXPLODE_TARGET16;$0010;LGTN_FIRE_LARA2;$0002;LGTN_FLASH_SCREEN128;$0080;LGTN_GLOBAL_SOUND
16384;$4000;LGTN_HEARTHQUAKE8192;$2000;LGTN_INCLINED_RANDOM64;$0040;LGTN_KILL_TARGET32;$0020;LGTN_LARA_SCREAM1;$0001;LGTN_PLAY_SOUND4096;$1000;LGTN_RANDOM_COLOR8;$0008;LOAD_AMMO_TYPE116;$0010;LOAD_AMMO_TYPE232;$0020;LOAD_AMMO_TYPE34;$0004;LOAD_LASERSIGHT2;$0002;MIR_CEILING4;$0004;MIR_EAST_WALL1;$0001;MIR_FLOOR3;$0003;MIR_INVERSE_WEST6;$0006;MIR_NORTH_WALL5;$0005;MIR_SOUTH_WALL0;$0000;MIR_WEST_WALL5;$0005;MIST_COL_AZURE3;$0003;MIST_COL_BLUE2;$0002;MIST_COL_GREEN6;$0006;MIST_COL_PURPLE1;$0001;MIST_COL_RED0;$0000;MIST_COL_WHITE4;$0004;MIST_COL_YELLOW
.;$40000000;MPS_DISABLE256;$0100;NEF_EASY_HEAVY_ENABLING1;$0001;NEF_EXPLODE2;$0002;NEF_EXPLODE_AFTER1024;$0400;NEF_HIT_BLOOD8;$0008;NEF_HIT_DEFAULT3072;$0C00;NEF_HIT_FRAGMENTS2048;$0800;NEF_HIT_SMOKE4;$0004;NEF_NON_TARGET0;$0000;NEF_NONE4096;$1000;NEF_ONLY_EXPLODE
16384;$4000;NEF_SAVE_MESH_VISIBILITY32;$0020;NEF_SET_AS_BRIDGE_FLAT64;$0040;NEF_SET_AS_BRIDGE_TILT1128;$0080;NEF_SET_AS_BRIDGE_TILT216;$0010;NEF_SET_AS_CREATURE8192;$2000;NEF_SET_AS_MORTAL
32768;$8000;NEF_SET_AS_SEMIGOD2;$0002;OBJ_MOTOR_BOAT6;$0006;OBJ_MOTOR_BOAT_ANIM1;$0001;OBJ_RUBBER_BOAT5;$0005;OBJ_RUBBER_BOAT_ANIM
16384;$4000;OTYPE_AI_DATA0;$0000;OTYPE_MOVEABLE8192;$2000;OTYPE_STATIC17;$0011;PARAM_ACTOR_SPEECH7;$0007;PARAM_BIG_NUMBERS12;$000C;PARAM_CIRCLE4;$0004;PARAM_COLOR_ITEM18;$0012;PARAM_INPUT_BOX13;$000D;PARAM_LIGHTNING2;$0002;PARAM_MOVE_ITEM5;$0005;PARAM_PRINT_TEXT11;$000B;PARAM_QUADRILATERAL15;$000F;PARAM_RECT3;$0003;PARAM_ROTATE_ITEM8;$0008;PARAM_SCALE_ITEM6;$0006;PARAM_SET_CAMERA9;$0009;PARAM_SHOW_SPRITE16;$0010;PARAM_SWAP_ANIMATIONS10;$000A;PARAM_TRIANGLE14;$000E;PARAM_WTEXT8;$0008;PB_DOUBLE_FACE2;$0002;PB_LARA_CAN_SLIDE4;$0004;PB_MULTIPLE_ENDINGS1;$0001;PB_PROGRESSIVE_CHARGE16;$0010;PB_SHOW_CHARGE_BAR32;$0020;PB_SHOW_CHARGE_COUNTER256;$0100;PL_ADD_INFO_BAR6;$0006;PL_CENTRAL_IMAGE512;$0200;PL_CUSTOM_LAYOUT1;$0001;PL_DOUBLE_PAGE1024;$0400;PL_FIX_WIDE_SCREEN2;$0002;PL_LEFT_IMAGE3;$0003;PL_LEFT_IMAGE_LOGO4;$0004;PL_RIGHT_IMAGE5;$0005;PL_RIGHT_IMAGE_LOGO7;$0007;PL_WIDE_IMAGE2;$0002;PLACE_FLOATING0;$0000;PLACE_GROUND4;$0004;PLACE_LOW_WATER3;$0003;PLACE_SPECIAL1;$0001;PLACE_UNDERWATER0;$0000;QSF_SIZE_260x2001;$0001;QSF_SIZE_320x2402;$0002;QSF_SIZE_390x3003;$0003;QSF_SIZE_468x3604;$0004;QSF_SIZE_520x4005;$0005;QSF_SIZE_640x480256;$0100;QSF_TRUE_COLOR2;$0002;RAIN_ALL_OUTSIDE0;$0000;RAIN_DISABLED1;$0001;RAIN_SINGLE_ROOMS1024;$0400;RIB_ADD_SCANCODE_LIST64;$0040;RIB_ALIGN_CENTER8;$0008;RIB_BLINK_CARET4;$0004;RIB_HIDE_CARET4096;$1000;RIB_HIDE_TEXT512;$0200;RIB_INPUT_BELOW_BIG_TEXT128;$0080;RIB_ONLY_CAPS1;$0001;RIB_ONLY_DIGITS2;$0002;RIB_ONLY_LETTERS256;$0100;RIB_PRINT_BIG_TEXT32;$0020;RIB_PRINT_ONLY2048;$0800;RIB_SHORTCUT_KEY16;$0010;RIB_SOUND_ON_KEY-4;$FFFC;ROOM_COLD-3;$FFFD;ROOM_DAMAGE-9;$FFF7;ROOM_MIST-7;$FFF9;ROOM_OUTSIDE-2;$FFFE;ROOM_QUICKSAND-5;$FFFB;ROOM_RAIN-8;$FFF8;ROOM_REFLEX-6;$FFFA;ROOM_SNOW-1;$FFFF;ROOM_WATER1;$0001;ROTH_CLOCKWISE2;$0002;ROTH_INV_CLOCKWISE
65535;$FFFF;ROTH_NONE2;$0002;ROTV_BACKWARD1;$0001;ROTV_FORWARD
65535;$FFFF;ROTV_NONE5;$0005;SC_DOUBLE_HEIGHT6;$0006;SC_DOUBLE_SIZE4;$0004;SC_DOUBLE_WIDTH2;$0002;SC_HALF_HEIGHT3;$0003;SC_HALF_SIZE1;$0001;SC_HALF_WIDTH0;$0000;SC_NORMAL1;$0001;SEQ_LOOP2;$0002;SEQ_LOOP_INVERSE4;$0004;SEQ_STOP_AT_FIRST32;$0020;SET_ACCEPT_EXTRA_TAILINFOS2;$0002;SET_BLIND_SAVEGAMES8;$0008;SET_CRYPT_SCRIPT1;$0001;SET_DISABLE_CHEATS64;$0040;SET_FORCE_NO_WAITING_REFRESH16;$0010;SET_FORCE_SOFT_FULL_SCREEN4;$0004;SET_PERFORM_FROM_CD5;$0005;SEXT_AIFF4;$0004;SEXT_MP13;$0003;SEXT_MP22;$0002;SEXT_MP3100;$0064;SEXT_MULTIPLE1;$0001;SEXT_OGG0;$0000;SEXT_WAV1;$0001;SHOWC_OMIT_AMMO_NAME2;$0002;SHOWC_USE_GRAPHIC_AMMO4;$0004;SHOWC_USE_GRAPHIC_WEAPON2;$0002;SNOW_ALL_OUTSIDE0;$0000;SNOW_DISABLED1;$0001;SNOW_SINGLE_ROOM
49152;$C000;SPC_ANIMATION
40960;$A000;SPC_HEAD_NOD
36864;$9000;SPC_HEAD_SHAKE
32768;$8000;SPC_LOOK_DOWN
24576;$6000;SPC_LOOK_LEFT
20480;$5000;SPC_LOOK_RIGHT
28672;$7000;SPC_LOOK_UP0;$0000;SPC_MESH
61440;$F000;SPC_NEXT_STATEID
16384;$4000;SPC_PAUSE
57344;$E000;SPC_PERFORM_TG
53248;$D000;SPC_PLAY_CD
45056;$B000;SPC_PLAY_SFX
12288;$3000;SPC_SEQUENCE4096;$1000;SPC_SYLL8192;$2000;SPC_TEXT4;$0004;SPCF_FREEZE_HAIR2;$0002;SPCF_LOOP1;$0001;SPCF_OLD_SPEECH_SLOTS4;$0004;SPF_BLINK_SELECTED8;$0008;SPF_NO_PANEL_TITLE1;$0001;SPF_NO_TIME_IN_LIST16;$0010;SPF_PRELOAD_BKG_IMAGE2;$0002;SPF_SCROLL_PAGE7;$0007;SPL_CENTRAL_IMAGE2;$0002;SPL_LEFT_IMAGE_BOTTOM_INFO3;$0003;SPL_LEFT_IMAGE_NO_INFO1;$0001;SPL_LEFT_IMAGE_RIGHT_INFO5;$0005;SPL_RIGHT_IMAGE_BOTTOM_INFO4;$0004;SPL_RIGHT_IMAGE_LEFT_INFO6;$0006;SPL_RIGHT_IMAGE_NO_INFO
44100;$AC44;SQ_HIGH_QUALITY
11025;$2B11;SQ_LOW_QUALITY
22050;$5622;SQ_MEDIUM_QUALITY16;$0010;STATE_BACK25;$0019;STATE_BACK_JUMP61;$003D;STATE_CLIMB_DOWN59;$003B;STATE_CLIMB_END58;$003A;STATE_CLIMB_LEFT60;$003C;STATE_CLIMB_RIGHT56;$0038;STATE_CLIMB_START_AND_STANDING57;$0039;STATE_CLIMB_UP15;$000F;STATE_COMPRESS89;$0059;STATE_CONTROLLED117;$0075;STATE_CONTROLLED_11792;$005C;STATE_CONTROLLED_9293;$005D;STATE_CONTROLLED_9394;$005E;STATE_CONTROLLED_9497;$0061;STATE_CONTROLLED_9795;$005F;STATE_CONTROLLED_LET96;$0060;STATE_CONTROLLED_LET_9673;$0049;STATE_DASH74;$004A;STATE_DASH_DIVE8;$0008;STATE_DEATH70;$0046;STATE_DEATH_SLIDE35;$0023;STATE_DIVE71;$0047;STATE_DUCK72;$0048;STATE_DUCK_72105;$0069;STATE_DUCK_LEFT106;$006A;STATE_DUCK_RIGHT107;$006B;STATE_EXTERNAL_CORNER_LEFT108;$006C;STATE_EXTERNAL_CORNER_RIGHT29;$001D;STATE_FALL_BACK5;$0005;STATE_FAST_BACK53;$0035;STATE_FAST_DIVE9;$0009;STATE_FAST_FALL20;$0014;STATE_FAST_TURN14;$000E;STATE_FAST_TURN_144;$0004;STATE_FAST_TURN_43;$0003;STATE_FORWARD_JUMP18;$0012;STATE_GLIDE10;$000A;STATE_HANG30;$001E;STATE_HANG_LEFT31;$001F;STATE_HANG_RIGHT82;$0052;STATE_HANG_TURN_LEFT83;$0053;STATE_HANG_TURN_RIGHT109;$006D;STATE_INTERNAL_CORNER_LEFT110;$006E;STATE_INTERNAL_CORNER_RIGHT27;$001B;STATE_LEFT_JUMP79;$004F;STATE_MONKEY_18076;$004C;STATE_MONKEY_FORWARD77;$004D;STATE_MONKEY_LEFT78;$004E;STATE_MONKEY_RIGHT75;$004B;STATE_MONKEY_STILL_OR_HANG_SWING116;$0074;STATE_NULL_11619;$0013;STATE_NULL_1950;$0032;STATE_NULL_5051;$0033;STATE_NULL_5154;$0036;STATE_NULL_5462;$003E;STATE_NULL_6263;$003F;STATE_NULL_6364;$0040;STATE_NULL_6468;$0044;STATE_NULL_6869;$0045;STATE_NULL_6987;$0057;STATE_NULL_8786;$0056;STATE_ON_ALL_FOURS_BACK81;$0051;STATE_ON_ALL_FOURS_FORWARD80;$0050;STATE_ON_ALL_FOURS_STANDING88;$0058;STATE_ON_ALL_FOURS_TO_HANG84;$0054;STATE_ON_ALL_FOURS_TURN_LEFT85;$0055;STATE_ON_ALL_FOURS_TURN_RIGHT128;$0080;STATE_PB_HANGING129;$0081;STATE_PB_LEAP_OFF39;$0027;STATE_PICK_UP98;$0062;STATE_PICK_UP_9867;$0043;STATE_PICK_UP_FLARE101;$0065;STATE_POLE_DOWN102;$0066;STATE_POLE_LEFT103;$0067;STATE_POLE_RIGHT99;$0063;STATE_POLE_STATIC_99100;$0064;STATE_POLE_UP37;$0025;STATE_PULL_BLOCK104;$0068;STATE_PULLEY36;$0024;STATE_PUSH_BLOCK38;$0026;STATE_PUSH_PULL_READY11;$000B;STATE_REACH26;$001A;STATE_RIGHT_JUMP23;$0017;STATE_ROLL_2345;$002D;STATE_ROLL_45111;$006F;STATE_ROPE114;$0072;STATE_ROPE_114115;$0073;STATE_ROPE_115113;$0071;STATE_ROPE_CLIMB_DOWN112;$0070;STATE_ROPE_CLIMB_UP90;$005A;STATE_ROPE_LEFT91;$005B;STATE_ROPE_RIGHT1;$0001;STATE_RUN24;$0018;STATE_SLIDE32;$0020;STATE_SLIDE_BACK46;$002E;STATE_SPECIAL12;$000C;STATE_SPLAT22;$0016;STATE_STEP_LEFT21;$0015;STATE_STEP_RIGHT2;$0002;STATE_STOP47;$002F;STATE_SURF_BACK48;$0030;STATE_SURF_LEFT49;$0031;STATE_SURF_RIGHT34;$0022;STATE_SURF_SWIM33;$0021;STATE_SURF_TREAD52;$0034;STATE_SWAN_DIVE17;$0011;STATE_SWIM40;$0028;STATE_SWITCH_ON126;$007E;STATE_SWITCH_ON_12641;$0029;STATE_SWITCH_ON_41122;$007A;STATE_TR_FALL_122123;$007B;STATE_TR_FALL_123119;$0077;STATE_TR_POSE121;$0079;STATE_TR_WALK13;$000D;STATE_TREAD7;$0007;STATE_TURN_LEFT6;$0006;STATE_TURN_RIGHT44;$002C;STATE_UNDERWATER_DEATH28;$001C;STATE_UP_JUMP42;$002A;STATE_USE_KEY43;$002B;STATE_USE_PUZZLE65;$0041;STATE_WADE0;$0000;STATE_WALK55;$0037;STATE_WATER_OUT66;$0042;STATE_WATER_ROLL1;$0001;SWT_BASE_ZERO2;$0002;SWT_RANDOM_MODE2;$0002;TCF_CREATURE16;$0010;TCF_LAND_CREATURE4096;$1000;TCF_ONLY_EXPLODE8;$0008;TCF_SAVEPOS2;$0002;TCMD_EXIT1;$0001;TCMD_GOTO8;$0008;TCMD_LOG9;$0009;TCMD_PAUSE6;$0006;TCMD_SET_EXTRA_CONDITION5;$0005;TCMD_SET_EXTRA_TIMER4;$0004;TCMD_SET_FULL_TIMER7;$0007;TCMD_SET_OBJECT3;$0003;TCMD_SET_TIMER10;$000A;TCMD_TIMER_FIELD0;$0000;TGROUP_AND3;$0003;TGROUP_COMMAND64;$0040;TGROUP_ELSE32;$0020;TGROUP_NOT16;$0010;TGROUP_OR1024;$0400;TGROUP_SINGLE_SHOT8;$0008;TGROUP_SINGLE_SHOT_RESUMED256;$0100;TGROUP_USE_EXECUTOR_ITEM_INDEX1;$0001;TGROUP_USE_FOUND_ITEM_INDEX2048;$0800;TGROUP_USE_ITEM_USED_BY_LARA_INDEX4;$0004;TGROUP_USE_OWNER_ANIM_ITEM_INDEX2;$0002;TGROUP_USE_TRIGGER_ITEM_INDEX1;$0001;TPOS_DOUBLE_HORIENT8;$0008;TPOS_FAST_ALIGNMENT2;$0002;TPOS_FOUR_HORIENT16;$0010;TPOS_OPPOSITE_FACING32;$0020;TPOS_ROUND_HORIENT256;$0100;TPOS_SELF_FIXING4;$0004;TPOS_TEST_ITEM_INDEX128;$0080;TPOS_TURN_FACING_18040;$0028;TPOS_TURN_FACING_9016;$0010;TRB_ADAPTIVE_FARVIEW4;$0004;TRB_ASYNC_FRAMES2;$0002;TRB_HIGH_PRIORITY8;$0008;TRB_OPTIMIZE_SORTING1;$0001;TRB_SELECTIVE_VIEW6;$0006;TS_AFTER_FALLING_AS_INVULNERABLE13;$000D;TS_ANIMATING_DOOR_CLOSE12;$000C;TS_ANIMATING_DOOR_OPEN19;$0013;TS_BINOCULAR_LIGHT18;$0012;TS_BINOCULAR_ZOOM9;$0009;TS_DAMAGE_ROOM_BEEP_ALERT8;$0008;TS_DAMAGE_ROOM_SCREAM_BURNING14;$000E;TS_DETECTOR_SHOW1;$0001;TS_DIARY_CHANGE_PAGE2;$0002;TS_DIARY_NO_PAGE3;$0003;TS_DIARY_ZOOM_START15;$000F;TS_ELEVATOR_SQUASHED_LARA11;$000B;TS_MISSING_REQUIRED_ITEM16;$0010;TS_MIST_EMITTER_WITH_OCB17;$0011;TS_PUSHED_ITEM_IMPACT7;$0007;TS_SAVEGAME_PANEL_SELECTED4;$0004;TS_SCREENSHOT_CAPTURE20;$0014;TS_SHOT_HARPOON_UW5;$0005;TS_VIBRATE_RESUME_FROM_FROZEN10;$000A;TS_WHIRLPOOL_SINKED_LARA1;$0001;TSB_MATRIX0;$0000;TSB_NO_CHANGE_CAMERA3;$0003;TSB_PANORAMA2;$0002;TSB_PORTRAIT2;$0002;TSCR_LOAD_GAME0;$0000;TSCR_MAIN_TITLES1;$0001;TSCR_NEW_GAME3;$0003;TSCR_OPTIONS1;$0001;TT_ACTION_INVENTORY_MENU_OFF2;$0002;TT_ACTION_INVENTORY_MENU_ON3;$0003;TT_AMMO27;$001B;TT_CAMERA_VIEW13;$000D;TT_CREDITS5;$0005;TT_EXAMINE1_BOTTOM4;$0004;TT_EXAMINE1_TOP6;$0006;TT_EXAMINE30;$0000;TT_ITEM_NAME12;$000C;TT_LEGEND9;$0009;TT_LEVEL_NAME_OFF10;$000A;TT_LEVEL_NAME_ON11;$000B;TT_MAIN_MENU_OFF26;$001A;TT_MAIN_MENU_ON8;$0008;TT_NEW_LEVEL_ARROWS20;$0014;TT_OPTION_DESCRIPTIONS21;$0015;TT_OPTION_VALUES25;$0019;TT_PAUSED_MENU_ITEMS24;$0018;TT_PAUSED_MENU_TITLE16;$0010;TT_SAVEGAME_DESCRIPTION_OFF17;$0011;TT_SAVEGAME_DESCRIPTION_ON15;$000F;TT_SAVEGAME_PANEL_TITLE14;$000E;TT_SCREEN_TIMER7;$0007;TT_SELECT_LEVEL22;$0016;TT_STATISTICS_DESCRIPTIONS23;$0017;TT_STATISTICS_VALUES1;$0001;WEAP_DISABLE_AUTO_SHOT2;$0002;WEAP_DISABLE_CHANGE_WEAPON1;$0001;WFF_BOLD512;$0200;WFF_CENTER_ALIGN1024;$0400;WFF_FORCE_FIXED_PITCH8192;$2000;WFF_FROM_RIGHT_TO_LEFT16;$0010;WFF_ITALIC128;$0080;WFF_LEFT_ALIGN4;$0004;WFF_LIGHT256;$0100;WFF_RIGHT_ALIGN2048;$0800;WFF_ROTATE_904096;$1000;WFF_ROTATE_INV_908;$0008;WFF_SHADOW2;$0002;WFF_ULTRA_BOLD32;$0020;WFF_UNDERLINE
16384;$4000;WFF_UNICODE
32768;$8000;WFF_UTF84;$0004;WTF_CHANGE_COLOR1;$0001;WTF_FLYING_TEXT128;$0080;WTF_OVER_BINOCULAR64;$0040;WTF_OVER_FIXCAMERA32;$0020;WTF_OVER_FLYCAMERA16;$0010;WTF_OVER_IMAGE8;$0008;WTF_OVER_INVENTORY256;$0100;WTF_OVER_LASER_SIGHT2;$0002;WTF_PULSING_TEXT